Num_experimento,Seed,F1-score,best_parameter,varianza,std

19,232,0.21884498480243159,{'C': 0.25}
19,583,0.21884498480243159,{'C': 0.25}
19,392,0.21884498480243159,{'C': 0.25}
19,989,0.21884498480243159,{'C': 0.25}
19,567,0.21884498480243159,{'C': 0.25},0.0,0.0
12,380,0.1664887940234792,{'C': 0.05}
12,869,0.1664887940234792,{'C': 0.05}
12,84,0.1664887940234792,{'C': 0.05}
12,263,0.1664887940234792,{'C': 0.05}
12,526,0.1664887940234792,{'C': 0.05},0.0,0.0
20,106,0.1376518218623482,{'C': 0.05}
20,273,0.1376518218623482,{'C': 0.05}
20,683,0.1376518218623482,{'C': 0.05}
20,661,0.1376518218623482,{'C': 0.05}
20,638,0.1376518218623482,{'C': 0.05},0.0,0.0
15,388,0.020202020202020204,{'C': 2}
15,686,0.1518716577540107,{'C': 4}
15,171,0.25274725274725274,{'C': 4}
15,405,0.1451990632318501,{'C': 1}
15,342,0.0,{'C': 0.5},0.008690501017344534,0.09322285673237296
59,345,0.21884498480243159,{'C': 0.25}
59,22,0.21884498480243159,{'C': 0.25}
59,21,0.21884498480243159,{'C': 0.25}
59,203,0.21884498480243159,{'C': 0.25}
59,374,0.21884498480243159,{'C': 0.25},0.0,0.0
60,110,0.1372351160443996,{'C': 0.12}
52,203,0.16631130063965885,{'C': 0.05}
60,354,0.1372351160443996,{'C': 0.12}
52,60,0.16631130063965885,{'C': 0.05}
60,304,0.1372351160443996,{'C': 0.12}
52,357,0.16631130063965885,{'C': 0.05}
60,747,0.1372351160443996,{'C': 0.12}
52,688,0.16631130063965885,{'C': 0.05}
60,273,0.1372351160443996,{'C': 0.12},0.0,0.0
52,720,0.16631130063965885,{'C': 0.05},0.0,0.0
13,805,0.0,{'C': 1}
13,348,0.14038461538461539,{'C': 4}
13,466,0.14068441064638784,{'C': 4}
55,801,0.1501057082452431,{'C': 4}
13,903,0.13827993254637438,{'C': 1}
55,347,0.153690596562184,{'C': 2}
13,506,0.14188532555879493,{'C': 2},0.003151188930318908,0.05613545163547638
55,91,0.16209476309226933,{'C': 1}
55,897,0.15094339622641512,{'C': 4}
55,685,0.16321243523316062,{'C': 4},3.096203609705387e-05,0.005564354059282521
10,216,0.14481897627965043,{'C': 2}
10,603,0.13092852371409486,{'C': 2}
10,887,0.14192139737991266,{'C': 4}
10,801,0.1375968992248062,{'C': 4}
10,114,0.13709677419354838,{'C': 4},2.234870614373756e-05,0.004727441818122943
8,26,0.1787709497206704,{'C': 2}
8,728,0.16983523447401774,{'C': 4}
8,555,0.13092852371409486,{'C': 2}
8,419,0.1469265367316342,{'C': 0.25}
8,948,0.166073546856465,{'C': 4},0.0002981777339329539,0.01726782365942373
11,551,0.13983440662373506,{'C': 0.5}
53,957,0.1400189214758751,{'C': 4}
72,576,0.15087396504139836,{'C': 1}
11,608,0.1370309951060359,{'C': 0.25}
53,449,0.1418293936279548,{'C': 2}
72,358,0.15594541910331386,{'C': 1}
11,902,0.14285714285714288,{'C': 0.5}
53,39,0.16133942161339423,{'C': 1}
72,516,0.14431239388794567,{'C': 0.12}
11,886,0.14100185528756956,{'C': 0.12}
53,386,0.1353135313531353,{'C': 0.5}
72,593,0.14459665144596653,{'C': 0.05}
11,771,0.13987284287011809,{'C': 2},3.5908439412966572e-06,0.0018949522266528667
53,958,0.13387978142076504,{'C': 0.5},9.749598807955433e-05,0.009874005675487246
72,262,0.1377840909090909,{'C': 0.05},3.850358004282878e-05,0.006205125304361611
50,125,0.13469735720375106,{'C': 4}
50,773,0.13092852371409486,{'C': 0.25}
50,84,0.0,{'C': 1}
48,167,0.16901408450704228,{'C': 4}
50,764,0.13136729222520108,{'C': 4}
48,733,0.17206982543640897,{'C': 2}
50,935,0.07692307692307691,{'C': 2},0.0027081718348349625,0.05204009833613848
32,67,0.13728323699421965,{'C': 0.5}
48,378,0.1703225806451613,{'C': 4}
48,710,0.17220172201722017,{'C': 4}
32,13,0.14779116465863457,{'C': 0.25}
48,456,0.1653272101033295,{'C': 2},6.363229053399333e-06,0.002522544162824376
32,726,0.14566284779050734,{'C': 0.12}
32,529,0.150093808630394,{'C': 4}
32,67,0.13728323699421965,{'C': 0.5},2.8758225960129153e-05,0.0053626696672580115
14,580,0.13937867338371118,{'C': 0.05}
14,559,0.13793103448275862,{'C': 0.05}
14,310,0.1399825021872266,{'C': 0.12}
14,818,0.1396192203082502,{'C': 2}
14,84,0.13737734165923282,{'C': 0.5},1.033335237985357e-06,0.0010165309823046993
51,729,0.13837489943684636,{'C': 0.12}
51,424,0.14076782449725778,{'C': 2}
51,659,0.14361140443505807,{'C': 0.25}
51,791,0.13969335604770017,{'C': 0.25}
51,22,0.14353163361661944,{'C': 2},4.337848863273125e-06,0.002082750312272963
7,266,0.2028169014084507,{'C': 0.12}
6,844,0.1513859275053305,{'C': 0.05}
7,450,0.1459521094640821,{'C': 0.5}
6,410,0.14976303317535544,{'C': 0.12}
7,604,0.1430010070493454,{'C': 0.12}
6,650,0.15151515151515152,{'C': 0.12}
7,130,0.14482758620689656,{'C': 0.25}
6,203,0.15169660678642716,{'C': 0.25}
7,178,0.0,{'C': 0.12},0.004561945916216873,0.06754217879382389
6,811,0.15299334811529933,{'C': 0.25},1.0589558783803781e-06,0.00102905581888466
54,246,0.13725490196078433,{'C': 0.5}
54,173,0.14048059149722736,{'C': 0.25}
54,636,0.13758146270818247,{'C': 0.12}
54,799,0.13868003341687554,{'C': 0.05}
54,635,0.1382667964946446,{'C': 0.25},1.2784718130586226e-06,0.0011306952786045508
47,261,0.13949104618284636,{'C': 2}
47,901,0.14299516908212562,{'C': 1}
47,234,0.14545454545454545,{'C': 0.25}
46,811,0.15299334811529933,{'C': 0.25}
47,661,0.14327202323330107,{'C': 2}
46,400,0.16262482168330955,{'C': 0.05}
47,567,0.14028436018957344,{'C': 1},4.666454000941542e-06,0.0021601976763577775
26,410,0.15108593012275734,{'C': 0.5}
46,45,0.15675675675675674,{'C': 0.05}
46,818,0.15448851774530273,{'C': 2}
75,52,0.1614678899082569,{'C': 0.05}
26,930,0.1390922401171303,{'C': 0.25}
46,175,0.14985590778097982,{'C': 0.12},1.8276563265914263e-05,0.00427510973729497
9,499,0.1390922401171303,{'C': 0.05}
66,73,0.156,{'C': 0.5}
75,615,0.1749502982107356,{'C': 0.05}
26,909,0.4714285714285715,{'C': 0.05}
9,788,0.14038876889848811,{'C': 0.05}
66,360,0.15779092702169625,{'C': 0.12}
26,194,0.15816857440166493,{'C': 0.5}
75,95,0.15268456375838926,{'C': 0.05}
9,720,0.14155712841253792,{'C': 0.12}
66,289,0.17058096415327562,{'C': 0.25}
26,955,0.0,{'C': 0.5},0.024047695803783915,0.1550731949879924
75,151,0.14750198255352895,{'C': 0.12}
66,195,0.15888778550148958,{'C': 0.5}
9,723,0.13837489943684636,{'C': 1}
66,199,0.15655577299412918,{'C': 0.5},2.9185942966045006e-05,0.005402401592444327
75,662,0.17826086956521742,{'C': 0.25},0.00014492885714279934,0.012038640170002564
9,689,0.141804788213628,{'C': 1},1.8002821812993097e-06,0.0013417459451398799
4,656,0.14531548757170173,{'C': 1}
4,267,0.1435228331780056,{'C': 0.5}
4,732,0.14634146341463414,{'C': 0.5}
4,305,0.14096916299559473,{'C': 0.05}
4,748,0.15026455026455024,{'C': 0.12},9.528923954190819e-06,0.0030868955204526793
49,765,0.15552099533437017,{'C': 0.12}
35,620,0.1554585152838428,{'C': 0.25}
49,43,0.1419234360410831,{'C': 0.5}
35,555,0.16236162361623616,{'C': 0.12}
49,938,0.13929492691315565,{'C': 0.5}
35,75,0.16777883698760723,{'C': 1}
49,605,0.1385979049153908,{'C': 0.25}
49,911,0.1371900826446281,{'C': 0.25},4.4714531559909824e-05,0.006686892518944044
35,21,0.1613198900091659,{'C': 0.5}
35,730,0.15600350569675722,{'C': 0.5},2.0543735923508232e-05,0.004532519820531206
3,384,0.13745019920318724,{'C': 2}
3,775,0.140625,{'C': 0.25}
3,62,0.13786213786213788,{'C': 4}
3,424,0.13758723828514458,{'C': 2}
3,361,0.13894324853228962,{'C': 0.5},1.410794193777063e-06,0.001187768577533967
44,312,0.1444866920152091,{'C': 0.05}
44,88,0.14836795252225518,{'C': 0.05}
44,238,0.15045135406218654,{'C': 0.25}
44,110,0.146448087431694,{'C': 0.12}
44,422,0.14562211981566822,{'C': 0.05},4.45494222193849e-06,0.0021106734048493836
43,241,0.13613613613613612,{'C': 0.05}
43,416,0.1376597836774828,{'C': 0.12}
43,999,0.136,{'C': 0.05}
43,154,0.13613613613613612,{'C': 0.12}
43,458,0.13224821973550357,{'C': 0.12},3.241104757579029e-06,0.0018003068509504232
64,395,0.14972067039106146,{'C': 0.25}
30,969,0.14163822525597267,{'C': 0.12}
23,505,0.16311399443929564,{'C': 0.25}
64,941,0.13999999999999999,{'C': 0.25}
24,415,0.13898916967509026,{'C': 0.25}
30,286,0.13701067615658363,{'C': 2}
23,320,0.38620689655172413,{'C': 0.05}
64,451,0.13720316622691295,{'C': 0.05}
70,754,0.13708260105448153,{'C': 0.25}
24,950,0.14799154334038056,{'C': 0.05}
30,858,0.14705882352941177,{'C': 0.05}
23,618,0.17293997965412006,{'C': 0.12}
64,429,0.1390922401171303,{'C': 0.05}
70,789,0.14167433302667892,{'C': 0.5}
24,621,0.13725490196078433,{'C': 0.25}
23,447,0.17436974789915966,{'C': 0.05}
63,387,0.15544041450777202,{'C': 0.25}
30,25,0.13870967741935483,{'C': 0.12}
64,854,0.13836477987421383,{'C': 0.5},2.0394660788876214e-05,0.004516044816969404
70,978,0.14851485148514854,{'C': 0.12}
24,909,0.13768755516328332,{'C': 0.25}
23,797,0.16326530612244897,{'C': 0.25},0.00761093472589226,0.08724067128290715
63,351,0.15437987857762359,{'C': 0.12}
30,677,0.14188034188034188,{'C': 0.05},1.1743026018381518e-05,0.0034268098894425876
70,567,0.13811659192825113,{'C': 1}
24,196,0.14312267657992564,{'C': 0.12},1.6485700494850434e-05,0.004060258673391442
63,16,0.14785373608903019,{'C': 0.12}
70,685,0.13725490196078433,{'C': 0.05},1.8700541491900337e-05,0.004324412271268818
63,441,0.1433962264150943,{'C': 0.05}
63,504,0.16842105263157894,{'C': 0.25},7.207013630575136e-05,0.008489413189717613
5,646,0.14208633093525178,{'C': 0.12}
5,124,0.14522058823529413,{'C': 0.12}
5,518,0.14887365328109697,{'C': 0.05}
5,280,0.1424706943192065,{'C': 0.25}
1,209,0.14161008729388944,{'C': 4}
2,574,0.1401151631477927,{'C': 0.05}
5,177,0.14602587800369687,{'C': 0.12},6.19445642732342e-06,0.0024888664944756316
1,610,0.14202334630350194,{'C': 0.05}
2,492,0.14147286821705427,{'C': 0.25}
1,828,0.14285714285714288,{'C': 0.05}
2,175,0.14202334630350194,{'C': 0.25}
1,106,0.14133591481122942,{'C': 0.12}
2,813,0.14257812500000003,{'C': 0.25}
1,31,0.14161008729388944,{'C': 4},2.833646316534249e-07,0.0005323200462629835
2,878,0.14161008729388944,{'C': 4},6.697844986145035e-07,0.0008184036281777492
45,843,0.14522058823529413,{'C': 0.25}
45,619,0.14522058823529413,{'C': 0.5}
45,783,0.14634146341463414,{'C': 0.12}
42,805,0.14161008729388944,{'C': 4}
45,854,0.1453541858325667,{'C': 0.12}
45,427,0.14324569356300998,{'C': 1},1.0141233821442439e-06,0.001007036931867071
42,331,0.141747572815534,{'C': 4}
41,40,0.14202334630350194,{'C': 0.12}
42,472,0.14285714285714288,{'C': 0.05}
41,407,0.1437125748502994,{'C': 0.12}
42,88,0.14202334630350194,{'C': 0.05}
41,138,0.14202334630350194,{'C': 0.12}
42,457,0.1407907425265188,{'C': 0.05},4.449367475810223e-07,0.0006670357918290609
41,27,0.14202334630350194,{'C': 0.12}
41,703,0.14355948869223206,{'C': 0.25},6.26524597483944e-07,0.000791533067839837
71,697,0.14019520851818987,{'C': 1}
71,506,0.14019520851818987,{'C': 1}
73,932,0.14184397163120566,{'C': 0.25}
71,395,0.1400709219858156,{'C': 0.05}
73,858,0.14634146341463414,{'C': 0.05}
34,640,0.14184397163120566,{'C': 0.25}
71,478,0.14337568058076225,{'C': 0.12}
73,702,0.13827993254637438,{'C': 0.05}
34,188,0.141718334809566,{'C': 0.05}
74,487,0.14184397163120566,{'C': 0.05}
71,847,0.14363636363636365,{'C': 0.5},2.705862226013892e-06,0.0016449505238802448
73,118,0.14606741573033707,{'C': 0.12}
34,900,0.14602587800369687,{'C': 0.12}
74,372,0.1442741208295762,{'C': 0.12}
73,44,0.14324569356300998,{'C': 0.12},8.825803088984957e-06,0.002970825321183485
34,604,0.14602587800369687,{'C': 0.05}
74,381,0.141718334809566,{'C': 0.25}
34,670,0.14757281553398058,{'C': 0.12},5.759318065049089e-06,0.002399857926013348
74,554,0.14272970561998216,{'C': 2}
74,862,0.14349775784753363,{'C': 0.5},9.496025909413003e-07,0.0009744755466102267
99,881,0.22121212121212122,{'C': 1}
99,256,0.22121212121212122,{'C': 1}
99,245,0.22121212121212122,{'C': 1}
99,832,0.22121212121212122,{'C': 1}
99,356,0.22121212121212122,{'C': 1},7.703719777548943e-34,2.7755575615628914e-17
33,599,0.14148471615720523,{'C': 0.05}
33,503,0.14349775784753363,{'C': 0.25}
33,843,0.14349775784753363,{'C': 0.5}
33,38,0.14311270125223616,{'C': 0.12}
31,961,0.1409921671018277,{'C': 0.12}
33,168,0.14349775784753363,{'C': 0.5},6.100860702155899e-07,0.0007810800664564356
31,882,0.14162348877374784,{'C': 0.05}
100,866,0.13613613613613612,{'C': 0.12}
100,265,0.13613613613613612,{'C': 0.12}
100,177,0.13613613613613612,{'C': 0.12}
100,433,0.13613613613613612,{'C': 0.12}
100,822,0.13613613613613612,{'C': 0.12},0.0,0.0
92,876,0.2156862745098039,{'C': 0.25}
92,300,0.2156862745098039,{'C': 0.25}
92,827,0.2156862745098039,{'C': 0.25}
92,69,0.2156862745098039,{'C': 0.25}
92,740,0.2156862745098039,{'C': 0.25},0.0,0.0
31,544,0.14417744916820704,{'C': 0.12}
31,513,0.1407471763683753,{'C': 0.05}
31,393,0.14136125654450263,{'C': 0.12},1.5270018432048722e-06,0.0012357191603292684
16,67,0.17057169634489222,{'C': 4}
17,674,0.17057169634489222,{'C': 4}
16,753,0.17057169634489222,{'C': 4}
18,508,0.17057169634489222,{'C': 4}
17,718,0.17057169634489222,{'C': 4}
16,601,0.17057169634489222,{'C': 4}
18,113,0.17057169634489222,{'C': 4}
17,912,0.17057169634489222,{'C': 4}
16,142,0.17057169634489222,{'C': 4}
18,159,0.17057169634489222,{'C': 4}
17,53,0.17057169634489222,{'C': 4}
16,456,0.17057169634489222,{'C': 4},0.0,0.0
61,623,0.14311270125223616,{'C': 0.12}
18,360,0.17057169634489222,{'C': 4}
61,615,0.1442741208295762,{'C': 0.05}
95,486,0.16844919786096257,{'C': 4}
17,210,0.17057169634489222,{'C': 4},0.0,0.0
95,727,0.13092852371409486,{'C': 1}
61,508,0.14285714285714285,{'C': 1}
22,897,0.14222222222222222,{'C': 0.5}
18,153,0.17057169634489222,{'C': 4},0.0,0.0
62,394,0.14109347442680775,{'C': 0.25}
27,93,0.15009041591320071,{'C': 4}
95,398,0.18861788617886177,{'C': 4}
67,821,0.14801444043321302,{'C': 1}
61,548,0.14146772767462423,{'C': 0.05}
22,532,0.14109347442680775,{'C': 0.5}
21,735,0.14414414414414414,{'C': 0.05}
62,965,0.14414414414414414,{'C': 0.12}
25,250,0.14337568058076225,{'C': 0.05}
95,344,0.18914728682170545,{'C': 4}
67,838,0.14917127071823205,{'C': 0.05}
27,682,0.14740673339399452,{'C': 0.5}
61,233,0.14285714285714285,{'C': 1},7.975159391994284e-07,0.0008930374791683876
22,104,0.14222222222222222,{'C': 0.5}
95,337,0.1518987341772152,{'C': 4},0.0004964069368313115,0.02228019157977129
62,479,0.14184397163120566,{'C': 0.12}
21,254,0.14468864468864467,{'C': 0.12}
25,649,0.1400709219858156,{'C': 0.5}
67,596,0.1486854034451496,{'C': 4}
27,910,0.1486854034451496,{'C': 0.25}
57,475,0.17057169634489222,{'C': 4}
69,186,0.14995483288166217,{'C': 4}
29,21,0.14968440036068528,{'C': 4}
22,43,0.14414414414414414,{'C': 0.05}
62,113,0.14311270125223616,{'C': 0.25}
21,933,0.14487300094073377,{'C': 0.05}
67,628,0.14756944444444442,{'C': 0.05}
25,168,0.1409455842997324,{'C': 0.5}
27,610,0.14841628959276018,{'C': 2}
69,131,0.14794520547945206,{'C': 0.25}
62,270,0.14109347442680775,{'C': 0.12},1.4343424152419812e-06,0.0011976403530450956
22,53,0.14184397163120566,{'C': 0.05},1.0152993322321213e-06,0.0010076206291219534
29,620,0.1482142857142857,{'C': 0.25}
57,60,0.17057169634489222,{'C': 4}
79,328,0.402555910543131,{'C': 4}
21,872,0.1458910433979686,{'C': 0.25}
67,532,0.1486854034451496,{'C': 4},3.1861483492570974e-07,0.0005644597726372622
25,587,0.140597539543058,{'C': 0.05}
27,241,0.14727272727272725,{'C': 0.05},1.038649983316722e-06,0.0010191417876413086
69,589,0.14944649446494465,{'C': 0.12}
58,201,0.17057169634489222,{'C': 4}
65,397,0.14132379248658317,{'C': 0.25}
29,69,0.15105740181268884,{'C': 0.05}
21,784,0.1408450704225352,{'C': 0.05},2.949541939698369e-06,0.001717423052045817
79,531,0.402555910543131,{'C': 4}
56,398,0.17057169634489222,{'C': 4}
25,596,0.14044444444444446,{'C': 2},1.388584155067555e-06,0.0011783820072741925
69,673,0.1482142857142857,{'C': 0.12}
57,808,0.17057169634489222,{'C': 4}
65,707,0.14044444444444446,{'C': 1}
29,407,0.15124378109452738,{'C': 0.12}
79,295,0.402555910543131,{'C': 4}
69,172,0.14835164835164835,{'C': 0.25},6.049631532402002e-07,0.0007777937729502597
58,435,0.17057169634489222,{'C': 4}
78,978,0.402555910543131,{'C': 4}
65,977,0.1413427561837456,{'C': 0.5}
29,806,0.14835164835164835,{'C': 0.25},1.6501822793817894e-06,0.001284594208060191
56,771,0.17057169634489222,{'C': 4}
79,682,0.402555910543131,{'C': 4}
57,350,0.17057169634489222,{'C': 4}
78,161,0.402555910543131,{'C': 4}
65,932,0.14132379248658317,{'C': 2}
58,188,0.17057169634489222,{'C': 4}
77,609,0.402555910543131,{'C': 4}
79,884,0.402555910543131,{'C': 4},0.0,0.0
80,152,0.4172661870503597,{'C': 0.05}
65,736,0.14457831325301207,{'C': 0.05},2.0438280358470088e-06,0.001429625138225755
78,760,0.402555910543131,{'C': 4}
56,404,0.17057169634489222,{'C': 4}
76,973,0.402555910543131,{'C': 4}
57,298,0.17057169634489222,{'C': 4},0.0,0.0
77,519,0.402555910543131,{'C': 4}
80,367,0.402555910543131,{'C': 4}
78,3,0.402555910543131,{'C': 4}
58,750,0.17057169634489222,{'C': 4}
76,350,0.402555910543131,{'C': 4}
77,679,0.402555910543131,{'C': 4}
80,298,0.402555910543131,{'C': 4}
56,89,0.17057169634489222,{'C': 4}
78,942,0.402555910543131,{'C': 4},0.0,0.0
76,482,0.402555910543131,{'C': 4}
77,514,0.402555910543131,{'C': 4}
80,184,0.402555910543131,{'C': 4}
58,966,0.17057169634489222,{'C': 4},0.0,0.0
76,622,0.402555910543131,{'C': 4}
77,245,0.402555910543131,{'C': 4},0.0,0.0
56,760,0.17057169634489222,{'C': 4},0.0,0.0
80,926,0.402555910543131,{'C': 4},3.462275758706006e-05,0.005884110602891491
76,143,0.402555910543131,{'C': 4},0.0,0.0
38,423,0.402555910543131,{'C': 4}
38,513,0.402555910543131,{'C': 4}
38,293,0.402555910543131,{'C': 4}
38,659,0.402555910543131,{'C': 4}
38,89,0.402555910543131,{'C': 4},0.0,0.0
37,27,0.402555910543131,{'C': 4}
39,996,0.402555910543131,{'C': 4}
37,699,0.402555910543131,{'C': 4}
93,218,0.1391941391941392,{'C': 2}
39,356,0.402555910543131,{'C': 4}
37,775,0.402555910543131,{'C': 4}
39,516,0.402555910543131,{'C': 4}
36,502,0.402555910543131,{'C': 4}
93,24,0.14230019493177387,{'C': 4}
37,124,0.402555910543131,{'C': 4}
40,784,0.402555910543131,{'C': 4}
39,871,0.402555910543131,{'C': 4}
36,708,0.402555910543131,{'C': 4}
93,983,0.13883677298311442,{'C': 2}
37,216,0.402555910543131,{'C': 4},0.0,0.0
40,444,0.402555910543131,{'C': 4}
90,488,0.13406079501169135,{'C': 2}
39,826,0.402555910543131,{'C': 4},0.0,0.0
36,25,0.402555910543131,{'C': 4}
40,558,0.402555910543131,{'C': 4}
93,659,0.13678065054211844,{'C': 1}
90,344,0.16042780748663105,{'C': 4}
36,738,0.402555910543131,{'C': 4}
88,532,0.17464788732394368,{'C': 4}
40,518,0.402555910543131,{'C': 4}
90,711,0.1372351160443996,{'C': 4}
93,114,0.20207253886010362,{'C': 0.5},0.0006340203012440258,0.02517975975350094
36,949,0.402555910543131,{'C': 4},0.0,0.0
88,635,0.0,{'C': 2}
90,644,0.13517241379310344,{'C': 2}
40,645,0.402555910543131,{'C': 4},0.0,0.0
88,902,0.0,{'C': 0.5}
90,805,0.1384928716904277,{'C': 4},9.599656186789678e-05,0.009797783518117595
88,664,0.17575757575757575,{'C': 1}
68,10,0.4038461538461538,{'C': 4}
88,257,0.16724738675958187,{'C': 4},0.007154280754216663,0.084582981469186
68,993,0.4038461538461538,{'C': 4}
68,661,0.4038461538461538,{'C': 4}
68,228,0.4038461538461538,{'C': 4}
28,279,0.42105263157894746,{'C': 0.05}
68,719,0.4172661870503597,{'C': 0.12},2.8815566592318342e-05,0.0053680132816823715
28,995,0.4169611307420495,{'C': 0.12}
28,651,0.41877256317689526,{'C': 0.05}
28,482,0.4125874125874126,{'C': 0.25}
28,935,0.41666666666666663,{'C': 0.05},7.786572825046341e-06,0.002790443123420784
91,359,0.1393523061825319,{'C': 1}
91,476,0.1390268123138034,{'C': 0.25}
91,392,0.14003944773175542,{'C': 1}
91,993,0.13891362422083706,{'C': 0.12}
91,879,0.16326530612244897,{'C': 0.05},9.179429319610595e-05,0.009580933837372324
139,54,0.22121212121212122,{'C': 1}
139,942,0.22121212121212122,{'C': 1}
139,443,0.22121212121212122,{'C': 1}
139,5,0.22121212121212122,{'C': 1}
139,498,0.22121212121212122,{'C': 1},7.703719777548943e-34,2.7755575615628914e-17
87,11,0.1442411194833154,{'C': 0.5}
94,342,0.14400000000000002,{'C': 0.12}
86,903,0.14307458143074583,{'C': 0.25}
87,327,0.13730355665839536,{'C': 0.5}
94,899,0.14149139579349904,{'C': 0.5}
87,65,0.14149139579349904,{'C': 4}
86,577,0.15254237288135591,{'C': 1}
94,463,0.14192139737991266,{'C': 0.05}
87,520,0.1376,{'C': 0.12}
86,548,0.15448851774530273,{'C': 4}
94,870,0.13911472448057813,{'C': 0.25}
87,416,0.1414141414141414,{'C': 0.12},6.880256712545262e-06,0.0026230243446345026
132,992,0.2156862745098039,{'C': 0.25}
132,77,0.2156862745098039,{'C': 0.25}
132,533,0.2156862745098039,{'C': 0.25}
132,267,0.2156862745098039,{'C': 0.25}
86,502,0.15608740894901144,{'C': 4}
132,419,0.2156862745098039,{'C': 0.25},0.0,0.0
140,693,0.13613613613613612,{'C': 0.12}
140,537,0.13613613613613612,{'C': 0.12}
140,735,0.13613613613613612,{'C': 0.12}
140,279,0.13613613613613612,{'C': 0.12}
94,660,0.14115092290988057,{'C': 0.5},2.4465351391199004e-06,0.0015641403834438584
140,213,0.13613613613613612,{'C': 0.12},0.0,0.0
112,547,0.14211438474870017,{'C': 0.5}
86,278,0.15448851774530273,{'C': 0.5},2.1791351436176115e-05,0.004668120760667628
112,684,0.1517113783533765,{'C': 0.25}
112,990,0.16646848989298454,{'C': 0.12}
112,460,0.1522359657469077,{'C': 2}
112,212,0.14977168949771688,{'C': 0.5},6.222143647090795e-05,0.007888056571228933
89,381,0.14025500910746813,{'C': 0.12}
89,25,0.14219759926131118,{'C': 0.05}
89,846,0.14102564102564102,{'C': 0.5}
89,751,0.14327202323330107,{'C': 0.05}
135,173,0.15820543093270367,{'C': 2}
135,39,0.15230460921843686,{'C': 4}
89,505,0.13836477987421383,{'C': 0.25},2.8187480302424854e-06,0.0016789127524211868
135,616,0.2383419689119171,{'C': 2}
135,688,0.1552106430155211,{'C': 4}
135,392,0.13969938107869143,{'C': 4},0.0012503867140230833,0.035360807598569965
84,664,0.14829268292682926,{'C': 0.12}
84,824,0.14198071866783527,{'C': 0.25}
84,911,0.14298323036187116,{'C': 0.25}
84,286,0.1444866920152091,{'C': 2}
106,124,0.1536983669548511,{'C': 0.5}
84,767,0.14684014869888473,{'C': 0.05},5.5280227421408895e-06,0.0023511747578903804
106,565,0.15051740357478832,{'C': 1}
106,334,0.5786163522012578,{'C': 0.05}
83,728,0.14014014014014012,{'C': 4}
106,503,0.15827338129496402,{'C': 0.25}
83,305,0.13976377952755906,{'C': 0.05}
106,867,0.15640273704789834,{'C': 1},0.028756528342575007,0.16957749951740356
83,487,0.14014014014014012,{'C': 4}
133,112,0.16326530612244897,{'C': 0.25}
83,536,0.1358024691358025,{'C': 0.12}
133,343,0.13883677298311442,{'C': 1}
83,315,0.13916500994035785,{'C': 0.12},2.6869207047559165e-06,0.0016391829381603251
133,668,0.1378026070763501,{'C': 2}
130,569,0.0,{'C': 0.05}
133,92,0.13714285714285712,{'C': 0.5}
130,76,0.13609467455621302,{'C': 2}
133,537,0.13092852371409486,{'C': 0.12},0.00012503750399102948,0.01118201699117961
130,974,0.13481363996827914,{'C': 4}
130,374,0.13513513513513514,{'C': 0.5}
130,485,0.14385150812064965,{'C': 4},0.003034869236440076,0.05508964727097167
152,948,0.13549039433771487,{'C': 0.05}
152,572,0.13549039433771487,{'C': 0.05}
152,166,0.13549039433771487,{'C': 0.05}
128,103,0.44565217391304346,{'C': 0.5}
152,753,0.13549039433771487,{'C': 0.05}
160,125,0.13549039433771487,{'C': 0.05}
152,260,0.13549039433771487,{'C': 0.05},0.0,0.0
160,234,0.13549039433771487,{'C': 0.05}
160,491,0.13549039433771487,{'C': 0.05}
160,967,0.13549039433771487,{'C': 0.05}
160,681,0.13549039433771487,{'C': 0.05},0.0,0.0
128,304,0.1690821256038647,{'C': 2}
128,787,0.16685979142526072,{'C': 4}
128,385,0.15510204081632656,{'C': 4}
128,319,0.1683673469387755,{'C': 1},0.012641592699422558,0.11243483757013463
155,227,0.14122137404580154,{'C': 4}
155,300,0.14672686230248305,{'C': 4}
155,461,0.14712643678160922,{'C': 4}
115,354,0.1652582159624413,{'C': 0.05}
155,963,0.0,{'C': 4}
131,51,0.1649122807017544,{'C': 0.12}
155,340,0.14019520851818987,{'C': 2},0.0033172092307495126,0.05759521881848798
131,325,0.1396192203082502,{'C': 2}
115,866,0.16433239962651724,{'C': 1}
131,62,0.13497942386831277,{'C': 0.5}
115,540,0.2191780821917808,{'C': 0.05}
131,354,0.14937759336099585,{'C': 0.5}
115,470,0.15907059874888294,{'C': 0.12}
131,130,0.1395007342143906,{'C': 0.12},0.00011459430004471384,0.010704872724358466
115,298,0.15319148936170213,{'C': 0.05},0.0005701464344047082,0.02387773930682526
153,521,0.13506493506493505,{'C': 0.5}
153,9,0.1371718882303133,{'C': 2}
134,192,0.020202020202020204,{'C': 0.05}
153,887,0.13721804511278193,{'C': 4}
148,805,0.3112701252236136,{'C': 4}
127,836,0.1417989417989418,{'C': 0.25}
134,766,0.1365079365079365,{'C': 0.05}
153,157,0.0,{'C': 0.25}
150,98,0.1401129943502825,{'C': 4}
148,890,0.5603864734299517,{'C': 2}
127,705,0.14185639229422067,{'C': 0.5}
153,432,0.1410891089108911,{'C': 0.25},0.0030347715940360056,0.05508876105010899
150,317,0.13669064748201437,{'C': 2}
134,288,0.14025500910746813,{'C': 0.5}
148,634,0.40776699029126207,{'C': 4}
148,655,0.4666666666666667,{'C': 4}
150,791,0.13938753959873285,{'C': 4}
127,527,0.16382252559726962,{'C': 0.25}
104,187,0.13817537643932684,{'C': 0.5}
134,776,0.17077798861480076,{'C': 0.05}
148,264,0.3824175824175824,{'C': 4},0.007021574128163975,0.08379483354100045
150,907,0.12931034482758622,{'C': 4}
126,232,0.15670103092783508,{'C': 0.5}
127,263,0.14217098943323725,{'C': 1}
150,340,0.13227513227513227,{'C': 2},1.7301323488260883e-05,0.00415948596442648
110,211,0.14219759926131118,{'C': 0.05}
104,642,0.1402390438247012,{'C': 0.05}
134,782,0.14339622641509436,{'C': 0.5},0.002748677080338599,0.052427827347112134
126,151,0.15384615384615383,{'C': 2}
127,658,0.13863216266173753,{'C': 2},8.416323167209926e-05,0.009174052085752471
103,639,0.18,{'C': 0.12}
110,711,0.1473684210526316,{'C': 0.05}
104,200,0.14619883040935672,{'C': 0.05}
126,510,0.13092852371409486,{'C': 0.05}
103,267,0.19225967540574282,{'C': 0.12}
104,768,0.1433389544688027,{'C': 0.05}
110,451,0.1390845070422535,{'C': 0.05}
126,393,0.14650205761316873,{'C': 0.12}
104,337,0.141156462585034,{'C': 0.12},7.540869726918569e-06,0.0027460644069137504
103,771,0.16191352345906163,{'C': 0.05}
126,180,0.15464994775339605,{'C': 0.5},8.928108341540879e-05,0.009448866779429625
110,480,0.1397459165154265,{'C': 1}
85,135,0.14113597246127368,{'C': 0.05}
103,337,0.15464813205907907,{'C': 0.12}
110,871,0.13780918727915195,{'C': 0.25},1.1424689175386567e-05,0.0033800427771533553
85,511,0.143236074270557,{'C': 0.05}
103,121,0.16433239962651724,{'C': 0.25},0.00018533931840164993,0.01361393838687578
85,533,0.14402917046490427,{'C': 0.12}
85,496,0.14350590372388738,{'C': 0.12}
85,168,0.14429223744292238,{'C': 0.5},1.2455291324146277e-06,0.0011160327649377627
81,264,0.14147286821705427,{'C': 0.12}
82,900,0.14187192118226602,{'C': 0.12}
81,597,0.1420345489443378,{'C': 0.12}
82,582,0.14133591481122942,{'C': 0.12}
81,374,0.14428857715430862,{'C': 0.05}
82,499,0.14041745730550284,{'C': 0.05}
81,649,0.14133591481122942,{'C': 0.5}
82,335,0.141747572815534,{'C': 0.25}
81,18,0.14188532555879493,{'C': 0.25},1.1527706043222946e-06,0.001073671553279817
82,765,0.141747572815534,{'C': 0.5},2.8618385544444093e-07,0.0005349615457623482
129,9,0.14165890027958994,{'C': 0.25}
129,935,0.13970588235294115,{'C': 0.05}
129,93,0.13836477987421386,{'C': 0.25}
151,718,0.13875123885034688,{'C': 0.25}
129,39,0.14299332697807438,{'C': 1}
151,104,0.0,{'C': 0.12}
129,442,0.14393125671321158,{'C': 0.5},4.21433072111924e-06,0.0020528835137725763
151,560,0.1405895691609977,{'C': 0.25}
151,231,0.14061054579093432,{'C': 4}
151,839,0.13983440662373506,{'C': 2},0.003134060117534269,0.05598267694148136
124,151,0.1444866920152091,{'C': 0.5}
124,179,0.14705882352941177,{'C': 0.25}
124,943,0.14705882352941177,{'C': 0.5}
124,367,0.14629451395572665,{'C': 0.12}
147,132,0.1360655737704918,{'C': 0.25}
124,351,0.14336917562724014,{'C': 0.12},2.188069198706782e-06,0.0014792123575426152
147,836,0.14035087719298245,{'C': 0.25}
147,627,0.13766434648105183,{'C': 0.05}
146,293,0.14634146341463414,{'C': 0.12}
147,353,0.1421911421911422,{'C': 0.25}
146,971,0.13452299245024021,{'C': 0.12}
147,755,0.1361545538178473,{'C': 2},5.835012416056015e-06,0.00241557703583554
123,398,0.1390268123138034,{'C': 0.12}
146,503,0.15827338129496402,{'C': 0.25}
154,539,0.14238042269187987,{'C': 0.05}
146,53,0.1577350859453994,{'C': 0.5}
154,203,0.13859649122807016,{'C': 0.25}
123,32,0.13346814964610718,{'C': 0.12}
146,635,0.16197975253093364,{'C': 2},0.00010180870855898319,0.010090030156495232
154,178,0.14427860696517414,{'C': 0.12}
123,373,0.13360323886639675,{'C': 0.25}
154,275,0.138218151540383,{'C': 0.12}
123,262,0.1393523061825319,{'C': 0.05}
154,483,0.14050303555941024,{'C': 0.5},5.241582810989344e-06,0.002289450329443586
123,434,0.14014014014014012,{'C': 4},8.688794588322616e-06,0.0029476761335537893
149,495,0.13662551440329218,{'C': 0.05}
149,405,0.13847502191060473,{'C': 0.25}
149,451,0.13961605584642234,{'C': 0.05}
149,405,0.13847502191060473,{'C': 0.25}
149,179,0.13844714686623014,{'C': 0.25},9.229943247146383e-07,0.0009607259363182813
144,126,0.13898916967509026,{'C': 2}
143,699,0.16809933142311367,{'C': 1}
144,941,0.14038286235186873,{'C': 0.25}
143,586,0.15669014084507044,{'C': 0.12}
144,130,0.14170692431562,{'C': 0.12}
143,103,0.1515403830141549,{'C': 0.12}
144,595,0.13847502191060473,{'C': 0.12}
143,127,0.1613198900091659,{'C': 0.25}
144,267,0.14994487320837926,{'C': 0.12},1.7452475526319657e-05,0.004177616009917577
143,35,0.15437392795883362,{'C': 0.12},3.375797904786472e-05,0.005810161705827534
114,691,0.1415929203539823,{'C': 0.05}
113,367,0.14311270125223616,{'C': 0.12}
111,586,0.14109347442680775,{'C': 0.12}
114,805,0.13993174061433447,{'C': 0.12}
111,69,0.14931237721021612,{'C': 0.05}
113,616,0.140597539543058,{'C': 0.05}
114,522,0.14602587800369687,{'C': 0.12}
97,677,0.16338028169014082,{'C': 4}
113,372,0.14466546112115733,{'C': 0.12}
111,96,0.14376706096451322,{'C': 0.12}
96,144,0.16338028169014082,{'C': 4}
98,354,0.16338028169014082,{'C': 4}
114,973,0.14222222222222222,{'C': 0.05}
113,350,0.14350590372388738,{'C': 0.12}
111,918,0.14017094017094017,{'C': 0.05}
97,953,0.16338028169014082,{'C': 4}
96,619,0.16338028169014082,{'C': 4}
98,724,0.16338028169014082,{'C': 4}
114,732,0.1436265709156194,{'C': 0.5},4.207025665243094e-06,0.0020511035237752127
113,295,0.14349775784753363,{'C': 0.05},1.806639337390085e-06,0.001344112843994166
111,280,0.14019520851818987,{'C': 0.12},1.1979454040530845e-05,0.00346113479086424
97,363,0.16338028169014082,{'C': 4}
96,765,0.16338028169014082,{'C': 4}
98,495,0.16338028169014082,{'C': 4}
97,591,0.16338028169014082,{'C': 4}
122,64,0.14285714285714288,{'C': 0.05}
96,9,0.16338028169014082,{'C': 4}
98,442,0.16338028169014082,{'C': 4}
125,19,0.14794007490636704,{'C': 0.25}
122,381,0.141747572815534,{'C': 0.12}
97,910,0.16338028169014082,{'C': 4},0.0,0.0
125,75,0.14389799635701278,{'C': 1}
96,953,0.16338028169014082,{'C': 4},0.0,0.0
98,361,0.16338028169014082,{'C': 4},0.0,0.0
122,402,0.141747572815534,{'C': 0.12}
125,934,0.1424706943192065,{'C': 0.12}
122,138,0.14230019493177387,{'C': 0.12}
101,227,0.14337568058076225,{'C': 0.12}
125,654,0.14337568058076225,{'C': 4}
122,986,0.1437246963562753,{'C': 0.05},5.593261250292018e-07,0.0007478810901668806
101,152,0.14146772767462423,{'C': 0.05}
125,174,0.14794007490636704,{'C': 0.05},5.492057685711762e-06,0.0023435139610661084
121,248,0.141747572815534,{'C': 2}
116,215,0.3908045977011495,{'C': 0.5}
101,813,0.14311270125223616,{'C': 0.12}
118,323,0.3893129770992366,{'C': 0.5}
121,459,0.1411992263056093,{'C': 0.12}
116,454,0.4059040590405904,{'C': 2}
101,115,0.14505893019038987,{'C': 0.25}
121,790,0.14161008729388944,{'C': 0.12}
118,44,0.38461538461538464,{'C': 0.05}
116,835,0.4,{'C': 0.5}
101,929,0.1432408236347359,{'C': 0.5},1.2966893919935637e-06,0.0011387227019751401
121,993,0.14161008729388944,{'C': 0.12}
118,221,0.3923076923076923,{'C': 0.5}
116,488,0.3923076923076923,{'C': 0.5}
121,660,0.14133591481122942,{'C': 1},4.058356384895967e-08,0.00020145362704344558
118,349,0.3908045977011495,{'C': 0.5}
109,593,0.1471631205673759,{'C': 0.05}
119,489,0.3923076923076923,{'C': 0.5}
116,122,0.3923076923076923,{'C': 0.5},3.359964912253513e-05,0.005796520432340003
105,304,0.14725069897483692,{'C': 0.05}
118,274,0.3923076923076923,{'C': 0.5},8.135883448144624e-06,0.002852347006965426
109,855,0.14981949458483756,{'C': 2}
107,946,0.1480820695807315,{'C': 0.05}
102,241,0.14349775784753363,{'C': 0.05}
119,561,0.3923076923076923,{'C': 0.5}
105,795,0.14019520851818987,{'C': 0.25}
109,173,0.1486854034451496,{'C': 0.25}
107,51,0.15083798882681565,{'C': 0.12}
102,215,0.14442413162705667,{'C': 0.12}
119,624,0.3923076923076923,{'C': 0.5}
105,650,0.1409455842997324,{'C': 0.5}
102,748,0.1415929203539823,{'C': 0.05}
107,260,0.14914645103324348,{'C': 0.25}
109,663,0.14995483288166217,{'C': 4}
117,734,0.3908045977011495,{'C': 0.5}
119,865,0.3908045977011495,{'C': 0.5}
105,277,0.14031971580817051,{'C': 2}
102,849,0.1412180052956752,{'C': 0.12}
107,159,0.14899211218229622,{'C': 0.12}
109,75,0.1474414570685169,{'C': 0.05},1.3472100076509516e-06,0.0011606937613560916
117,66,0.3923076923076923,{'C': 0.5}
119,607,0.3923076923076923,{'C': 0.5},3.614869433948881e-07,0.0006012378426171194
102,611,0.14916584887144257,{'C': 0.12},8.129920507875686e-06,0.00285130154628999
105,612,0.14069456812110417,{'C': 1},7.27915826867668e-06,0.0026979915249453028
107,368,0.14862385321100918,{'C': 0.5},8.581282663914088e-07,0.0009263521287239582
117,622,0.3893129770992366,{'C': 0.25}
117,346,0.4,{'C': 0.05}
117,809,0.3893129770992366,{'C': 0.5},1.587190935318224e-05,0.003983956494890756
108,39,0.38783269961977185,{'C': 0.5}
108,804,0.38783269961977185,{'C': 0.5}
108,787,0.3908045977011495,{'C': 0.5}
108,319,0.38783269961977185,{'C': 0.5}
108,632,0.38783269961977185,{'C': 0.5},1.41314851297539e-06,0.0011887592325510621
120,111,0.3923076923076923,{'C': 0.5}
120,791,0.38461538461538464,{'C': 0.05}
120,682,0.38461538461538464,{'C': 0.12}
120,109,0.3908045977011495,{'C': 0.5}
120,263,0.3923076923076923,{'C': 0.5},1.2712707782679396e-05,0.0035654884353590877
142,644,0.1415929203539823,{'C': 0.5}
142,607,0.1413427561837456,{'C': 0.05}
142,569,0.1473684210526316,{'C': 0.05}
141,617,0.14388489208633096,{'C': 0.05}
145,675,0.14056939501779359,{'C': 1}
142,197,0.14401440144014402,{'C': 0.25}
141,800,0.14247551202137132,{'C': 0.12}
145,755,0.14013840830449828,{'C': 0.05}
142,601,0.1413427561837456,{'C': 0.12},5.4994896692862244e-06,0.0023450990745139586
141,733,0.14146772767462423,{'C': 0.12}
145,511,0.14038128249566725,{'C': 0.12}
141,908,0.13986013986013987,{'C': 0.25}
145,143,0.14031971580817051,{'C': 4}
141,171,0.14349775784753363,{'C': 2},2.120638097144696e-06,0.0014562410848292587
145,977,0.1413427561837456,{'C': 0.5},1.7594843546171424e-07,0.00041946207869331196
158,661,0.4059040590405904,{'C': 2}
156,907,0.3923076923076923,{'C': 0.5}
158,930,0.3923076923076923,{'C': 0.5}
157,744,0.3923076923076923,{'C': 0.5}
156,480,0.4059040590405904,{'C': 2}
158,256,0.3923076923076923,{'C': 0.5}
157,513,0.3923076923076923,{'C': 0.5}
156,176,0.3923076923076923,{'C': 0.5}
158,622,0.3893129770992366,{'C': 0.25}
157,880,0.3923076923076923,{'C': 0.5}
156,367,0.3908045977011495,{'C': 0.5}
158,906,0.3923076923076923,{'C': 0.5},3.42701009012143e-05,0.005854067039350873
157,209,0.3923076923076923,{'C': 0.5}
156,97,0.3923076923076923,{'C': 0.5},3.157420711745196e-05,0.00561909308674024
157,963,0.3923076923076923,{'C': 0.5},0.0,0.0
137,157,0.16338028169014082,{'C': 4}
137,721,0.16338028169014082,{'C': 4}
137,646,0.16338028169014082,{'C': 4}
137,627,0.16338028169014082,{'C': 4}
137,766,0.16338028169014082,{'C': 4},0.0,0.0
138,515,0.16338028169014082,{'C': 4}
136,319,0.16338028169014082,{'C': 4}
138,110,0.16338028169014082,{'C': 4}
136,626,0.16338028169014082,{'C': 4}
138,479,0.16338028169014082,{'C': 4}
136,743,0.16338028169014082,{'C': 4}
138,763,0.16338028169014082,{'C': 4}
136,191,0.16338028169014082,{'C': 4}
138,712,0.16338028169014082,{'C': 4},0.0,0.0
136,368,0.16338028169014082,{'C': 4},0.0,0.0
152,103,0.13549039433771487,{'C': 0.05}
152,136,0.13549039433771487,{'C': 0.05}
152,151,0.13549039433771487,{'C': 0.05}
152,646,0.13549039433771487,{'C': 0.05}
152,692,0.13549039433771487,{'C': 0.05},0.0,0.0
160,313,0.13549039433771487,{'C': 0.05}
160,486,0.13549039433771487,{'C': 0.05}
160,123,0.13549039433771487,{'C': 0.05}
160,117,0.13549039433771487,{'C': 0.05}
160,555,0.13549039433771487,{'C': 0.05},0.0,0.0
155,96,0.13092852371409486,{'C': 2}
155,998,0.14656144306651636,{'C': 4}
155,41,0.1664190193164933,{'C': 2}
155,131,0.14167294649585532,{'C': 4}
155,19,0.09433962264150944,{'C': 4},0.000566069764084676,0.023792220663163745
153,260,0.13995943204868153,{'C': 1}
153,109,0.13763806287170777,{'C': 1}
153,506,0.13727359389895138,{'C': 2}
148,613,0.2547945205479452,{'C': 4}
153,923,0.13859480269489896,{'C': 2}
150,860,0.0,{'C': 0.12}
148,814,0.4840764331210191,{'C': 4}
148,363,0.0,{'C': 0.25}
150,97,0.13505461767626614,{'C': 4}
153,777,0.1391465677179963,{'C': 4},9.602914783337424e-07,0.0009799446302387407
150,10,0.13092852371409486,{'C': 0.5}
148,894,0.403755868544601,{'C': 4}
150,99,0.14285714285714285,{'C': 4}
148,37,0.43271767810026385,{'C': 4},0.030634314439061762,0.17502661065981298
150,356,0.13793103448275862,{'C': 2},0.0030046773238437464,0.054814937050440424
151,205,0.13924050632911392,{'C': 0.25}
151,491,0.14038128249566725,{'C': 0.25}
151,389,0.140625,{'C': 0.05}
151,71,0.1397934868943606,{'C': 0.12}
151,306,0.16725978647686832,{'C': 0.12},0.00011903855184473359,0.01091047899245187
146,1,0.14395886889460152,{'C': 0.12}
147,43,0.13894324853228962,{'C': 0.5}
146,641,0.5135135135135135,{'C': 0.12}
147,579,0.13532513181019334,{'C': 0.5}
154,299,0.13910093299406276,{'C': 0.05}
146,233,0.14995313964386128,{'C': 1}
147,384,0.14052953156822812,{'C': 0.5}
154,976,0.1551433389544688,{'C': 0.5}
147,823,0.13559322033898305,{'C': 0.25}
146,567,0.15165876777251183,{'C': 4}
154,861,0.13898305084745763,{'C': 0.25}
147,233,0.1366120218579235,{'C': 1},4.073204436039564e-06,0.002018218133909108
146,655,0.1981981981981982,{'C': 0.25},0.020265716955590186,0.14235770774914222
154,327,0.1415525114155251,{'C': 0.12}
154,645,0.14454976303317535,{'C': 0.12},3.590943823499118e-05,0.005992448434070266
149,90,0.13799283154121866,{'C': 0.25}
149,874,0.1386861313868613,{'C': 0.05}
149,488,0.13811659192825113,{'C': 1}
149,559,0.13811659192825113,{'C': 0.5}
149,288,0.13999999999999999,{'C': 0.5},5.603790486627194e-07,0.0007485846970535261
144,60,0.14749262536873156,{'C': 0.12}
143,142,0.18021978021978022,{'C': 0.12}
144,107,0.17846153846153845,{'C': 0.05}
143,943,0.17547357926221335,{'C': 1}
144,69,0.13780918727915195,{'C': 0.12}
143,897,0.1554585152838428,{'C': 0.05}
144,11,0.13949433304272016,{'C': 0.05}
143,133,0.1616161616161616,{'C': 0.12}
144,851,0.14571092831962396,{'C': 0.05},0.00021870288719679146,0.014788606668540193
143,961,0.15296052631578946,{'C': 0.12},0.00011773412623375097,0.010850535757913107
141,355,0.1436265709156194,{'C': 1}
142,174,0.14602587800369687,{'C': 0.05}
141,313,0.14247551202137132,{'C': 0.05}
142,616,0.140597539543058,{'C': 0.05}
141,793,0.14174589455488332,{'C': 0.12}
145,585,0.1429864253393665,{'C': 0.5}
142,115,0.14505893019038987,{'C': 0.25}
141,165,0.1462962962962963,{'C': 0.12}
145,654,0.14031971580817051,{'C': 2}
142,277,0.1404109589041096,{'C': 0.25}
141,776,0.1410146173688736,{'C': 0.12},3.408544680899048e-06,0.00184622443947074
145,576,0.1413427561837456,{'C': 0.5}
142,885,0.1436265709156194,{'C': 0.12},5.231805527691359e-06,0.002287314042210068
145,139,0.1400709219858156,{'C': 0.12}
145,760,0.1413427561837456,{'C': 0.5},1.0562016861928467e-06,0.0010277167344131585
159,258,0.3923076923076923,{'C': 0.5}
158,795,0.38461538461538464,{'C': 0.12}
159,244,0.38461538461538464,{'C': 0.12}
156,868,0.3923076923076923,{'C': 0.5}
158,882,0.4,{'C': 0.5}
159,789,0.3923076923076923,{'C': 0.5}
156,504,0.4059040590405904,{'C': 2}
158,621,0.3923076923076923,{'C': 0.5}
159,552,0.3923076923076923,{'C': 0.5}
156,187,0.3923076923076923,{'C': 0.5}
157,216,0.3923076923076923,{'C': 0.5}
158,714,0.4059040590405904,{'C': 2}
159,476,0.3923076923076923,{'C': 0.5},9.467455621301708e-06,0.003076923076923066
156,726,0.3908045977011495,{'C': 0.5}
157,706,0.3923076923076923,{'C': 0.5}
158,458,0.3923076923076923,{'C': 0.5},5.3246429186927695e-05,0.007297015087481161
156,475,0.3923076923076923,{'C': 0.5},3.157420711745196e-05,0.00561909308674024
157,19,0.3923076923076923,{'C': 0.5}
157,125,0.4,{'C': 0.5}
157,943,0.3923076923076923,{'C': 0.5},9.467455621301844e-06,0.003076923076923088
